질문,답변
작물보호제를 사용할 때 작물별로 희석 살포물량은 어떻게 되나요?,"작물보호제 포장지에 표기된 작물별 사용약량을 지켜 물에 희석한 후 사용해주시고,  
경엽처리 시 작물별 살포물량을 준수하여 골고루 살포하십시오.
(10a당 살포물량 : 과수류(400~500L), 포도(300L), 장과류(복분자/베리류, 200~250L), 채소류/화훼류(150~200L), 인삼(200~250L)) 
희석배수를 지켜 사용해도 살포물량이 많으면 잔류 위험성이 있으니 적정 살포물량을 준수해주시기 바랍니다."
제형이 다른 작물보호제를 혼용해서 사용할 때 희석하는 순서가 있나요?,"혼용 순서에 따른 살포액의 물리성 및 약효 차이는 없으나 작업 편리성을 고려하면 수화제(수화제 > 입상수화제 > 액상수화제) > 유제 > 액제 순으로 희석하는 것이 좋습니다. 혼용 순서에 따른 희석액의 안전성 시험 결과, 희석 직후, 30분, 2시간, 24시간 후 혼용 순서에 따른 현수성, 유화성, 거품량, 층 분리 정도 등 모든 면에서 동일합니다. (현수성, 유화성 : 수화제나 유제를 물에 희석하였을 때 미세입자가 균일하게 분산하거나 떠있는 성질)
혼용 후 시간이 지날수록 살포액의 이화학성은 다소 저하되나 최소 24시간까지는 약효 발현에 전혀 문제가 없습니다.
다만, 혼용 과정에서 순두부처럼 엉기거나, 침전물이 많이 발생할 경우에는 약제 살포를 중지하고 구매처 혹은 농업기술센터, 제조회사에 문의 후 사용하시기 바랍니다."
"작물보호제와 영양제(4종복비,아미노산 등)를 혼용해서 사용해도 되나요?","가급적 혼용하지 않고 따로 사용하는 것이 안전합니다. 
작물보호제와 영양제의 혼용으로 인해 작물보호제에 화학적인 변화가 일어날 수 있으며, 그에 따라 방제효과가 떨어질 수 있습니다.
또한 영양제의 성분이 작물보호제의 과량 흡수를 유도할 수 있어, 약해 발생 및 작물보호제 잔류 등이 우려됩니다."
작물보호제의 유효기한 및 제조일자를 확인할 수 있나요?,"작물보호제 포장지에 약효보증기간이 표기되어 있으므로 제품 구입 시 확인해주시기 바랍니다.
작물보호제는 시간이 지날수록 약효를 나타내는 주성분이 분해되므로 약효보증기간 내의 제품을 사용해야 합니다.  
일반적으로 약효보증기간이 지나면 아주 서서히 작물보호제의 성분이 분해되기 때문에, 약효보증기간을 1~2년 경과한다고 해도 작물에 큰 해를 미치지는 않습니다. 그러나 약효보증기간을 3년 이상 경과한 제품은 제형상 변질의 우려가 있으니 사용하지 않는 것이 좋습니다.
작물보호제 제조일자는 제품에 표기된 모집단번호로 확인할 수 있으며, 모집단번호는 제조년월이 제품 겉면에 표기되어있습니다.(1812-5 : 18년 12월 생산된 제품)"
작물보호제 포장지에 표기되어 있는 '상표명'과 '품목명'의 차이는 무엇인가요?,"품목명'이란 유효성분의 함량 및 제제 형태가 동일한 작물보호제에 부여한 이름을 말합니다. 예를 들면, fenobucarb(페노뷰카브)라는 유효성분으로 제조한 작물보호제 제품의 품목명은 제제 형태에 따라 '페노뷰카브 유제', '페노뷰카브 분제', '페노뷰카브 미립제' 등으로 구분됩니다.
'상표명'이란 제조회사가 자사 제품에 붙인 이름으로, 독자적인 사용권을 갖게 됩니다. 예를 들어 '멸사리', '밧사', '아리비피' 는 각각 팜한농, 경농, 농협케미컬에서 '페노뷰카브 유제'라는 품목에 명명한 상표로서, 이 상표에 대해서는 회사별로 독자적인 사용권을 갖게 됩니다."
작물보호제는 하루 중 언제 살포하는 것이 효과적인가요?,"살균제는 곰팡이 등 병원균의 활동이 왕성해지고, 식물이 기공을 열고 광합성을 하는 오전에 사용하는 것이 좋습니다.             
살충제의 경우 대부분의 해충들이 한낮에는 잎 뒷면이나 줄기 껍질 틈 속에 숨어 있으므로 해충의 활동이 활발해지는 오후 4~5시 이후로 사용하는것이 좋습니다. 제초제는 한낮 고온을 피해 이른 오전이나 늦은 오후에 살포해야 합니다.         
또한, 여러 작물보호제를 혼용하여 사용하는 경우 광분해를 줄이기 위해 가능한 늦은 오후에 살포하는것이 좋습니다. 
특히 여름철에는 한낮 고온에 약제 살포를 피해야 작물이 받는 스트레스를 줄일 수 있고, 약해 발생도 줄어들게 됩니다."
작물보호제를 사용하고 난 뒤 빈 병은 어떻게 처리하나요?,"사용한 빈 작물보호제 용기를 마을 수집장에 모아두면 한국환경공단에서 수거하고 있습니다.
자세한 사항은 한국환경공단(배출 및 수거 안내 1661-6620)에서 안내받으실 수 있습니다."
작물보호제의 양을 표시하는 단위에는 어떤 것들이 있나요?,"작물보호제의 양을 표시하는 단위는 '무게', '농도' 및 '부피'로 나눠볼 수 있습니다.
'무게'의 단위는 톤(ton)＞ 키로그램(kg) ＞ 그램(g) ＞ 미리그램(mg) ＞ 마이크로그램(㎍)＞ 나노그램(ng)＞ 피코그램(pg) 순입니다. 각 단계는 1,000배의 차이가 나므로, 0.001kg과 1g 및 1,000mg은 같은 무게에 해당됩니다. 
작물보호제 잔류량을 표시하는 단위는 마이크로그램(㎍) 이하의 단위를 사용하는 것이 일반적입니다.
'농도'의 단위는 작물보호제의 유효성분 함량이나 잔류허용기준 등을 나타내는 데 사용하고, 퍼센트(%) ＞ 피피엠(ppm) ＞ 피피비(ppb) ＞ 피피티(ppt) 순입니다. 퍼센트(%)는 일상 생활에서 자주 사용하는 백분율로, 시료 100g 중 작물보호제 성분이 1g 함유되어 있으면 1%가 됩니다.
피피엠(ppm)은 백만분의 1을 나타내고, 피피비(ppb)는 10억분의 1, 피피티(ppt)는 1조분의 1을 나타냅니다.
'부피'의 단위는 킬로리터(㎘) ＞ 리터(ℓ) ＞ 밀리리터(㎖ 또는 cc) > 마이크로리터(㎕) 순이며 각 단계는 역시 1,000배의 차이가 납니다. 
'무게'와 '부피'의 단위는 서로 비교할 수 있는데, 상온에서 물 1ℓ의 무게가 약 1kg 정도이므로 상대가 되는 무게와 부피의 단위는 같은 양이 됩니다."
같은 종자여도 원산지 표시가 다른 이유는 무엇인가요?,"경작지 및 인력 부족 등의 요인으로 한 종자를 국내에서 모두 채종하기는 어렵습니다. 
따라서 일부는 중국, 동남아 등 다른 국가에서도 채종합니다. 
규정상 채종된 지역을 원산지로 표시해야 하기 때문에 같은 품종이라도 원산지가 다를 수 있습니다. 
원산지 차이가 있더라도 모두 동일한 원종으로 재배·채종하여 해당 품종이 지니고 있는 특성에는 차이가 없습니다."
종자의 발아보증시한 및 포장일자를 어디에서 확인할 수 있나요?,종자 제품 포장지 뒷면 하단에 발아보증시한과 포장년월이 기재되어 있습니다.
시설 재배 중 가스 피해를 받아 작물이 잘 크지 못하고 시들시들한데 어떻게해야 하나요?,"우선 통풍 및 환기가 필요합니다. 약제 살포로 가스 피해를 줄이기 어렵기 때문에, 미발효 퇴비 등을 사용할 시에는 작물 정식 20~30일 전에 처리하여 가스를 모두 환기시켜 주도록 합니다. "
완효성비료를 기비로 사용하면 추비는 생략해도 되나요?,"완효성 비료는 작물의 생육에 맞춰 비료성분이 용출되도록 만들어져 있어, 일반적인 상황에서는 추비를 생략해도 정상적인 수확이 가능합니다. 특히, 한번에측조는 100% 코팅이 되어있어 추비가 필요 없도록 설계되어 있습니다. 하지만 다수확을 원하거나, 당해년도 이상기온이나 병해충 다발생 등으로 인해 생육이 부진한 경우에는 이삭거름을 추가로 시비할 수 있습니다."
일반 화학비료와 퇴비를 같이 시비해도 되나요?,"미생물 등에 의해 충분히 발효된 퇴비의 경우 큰 지장은 없으나, 미발효된 퇴비와 화학비료를 혼용하면 양분의 유실과 가스장해가 발생하므로 따로 시비하여 주시기 바랍니다."
복합비료를 물에 녹여서 관주용으로 시비해도 되나요?,"복합비료를 물에 녹이면 비료의 부자재 성분인 증량제나 코팅제 등이 물에 완전히 녹지 않아 찌꺼기가 생길 수 있으며, 
이로 인해 관주처리 시 노즐의 구멍이 막힐 수 있습니다.
관주 설비를 오래 사용하기 위해서는 용해도가 높은 관주용 비료를 사용하는 것이 좋습니다.
당사의 관주용 비료 ‘S-Feed(에스피드)’는 고순도의 원료를 사용하여 용해도가 높고 고품질 작물 생산에 효과가 좋습니다."
비료의 유효기한 및 생산일자를 어디에서 확인할 수 있나요?,"비료 포대 뒷면에 생산일자가 기재되어 있으며, 사용에 불편함만 없다면 별도의 유효기한은 없습니다. 
단, 유기질비료(목록공시제품)는 유효기간이 2년으로 유효기간 내에 제품을 사용하는 것이 좋습니다."
비료 성분 표기 중 칼리는 어떤 종류의 칼리인가요?,"비료 제품의 칼리 표기에서 '( )'는 황산칼리, '< >'는 질산칼리, '[ ]'는 30~40% 황산칼리, 괄호가 없으면 염화칼리입니다."
요소비료 중 '프릴'과 '그래뉼'의 차이점은 무엇인가요?,"요소비료는 입자의 크기에 따라 '프릴'과 '그래뉼'로 구분되는데, '프릴'은 입자의 크기가 1~3mm이고, '그래뉼'은 입자의 크기가 2~4mm입니다.
두 가지 모두 질소 성분은 46%로 동일합니다."
작년에 구입하여 사용하고 남은 못자리 상토가 있는데 올해 사용해도 되나요?,"작년에 사용하다 남은 상토는 사용하지 않는 것이 좋습니다.
1년 동안 보관하면서 외부환경의 영향(온도, 습도의 변화 등)을 받기 때문에 흡수 속도 저하 및 양분 손실 등의 문제가 생길 수 있습니다. 이는 중·후반기 생육에 좋지 못한 영향을 미칠 수 있으니 되도록 토양개량제로 활용해주시고, 부득이하게 사용해야 한다면 복토용으로만 사용하는 것이 좋습니다."
상토 1포대를 대략 몇 개의 육묘상자에 담을 수 있나요?,"중묘를 기준으로 모판 한 상자에는 바닥에 담기는 양이 2ℓ, 복토량이 1ℓ로 총 3ℓ의 상토가 필요합니다. 경량상토의 경우 1포대가 40ℓ이므로 40ℓ를 모판 한 상자당 소요분인 3ℓ로 나누면 대략 13개의 육묘상자에 담을 수 있습니다. 20ℓ로 포장되어 있는 중량 혹은 준경량 상토는 이 절반인 대략 6개의 육묘상자에 담을 수 있습니다."
수도용상토를 원예작물에 사용해도 되나요?,"수도용상토는 원예용상토보다 산성에 가깝고 양분이 높아 채소 종자의 초기 발근에 불리할 수 있으며, 입도가 매우 작아 통기성과 배수성을 저해할 수 있습니다. 이는 작물의 생육 불량으로 이어질 수 있으므로 상토 사용 시에는 원예용과 수도용을 구분하여 각각의 작물에 맞게 사용하여 주시기 바랍니다.
- 원예용상토 : pH 5.5~7.0 / EC 1.2 이하 / 유기물 및 펄라이트, 질석 등 알갱이가 굵은 원료를 사용해 통기성, 배수성이 우수
- 수도용상토 : pH 4.5~5.8 / EC 2.0 이하 / 제오라이트, 세립질석 등 알갱이가 작은 원료를 사용(중량상토의 경우는 광물질 위주)"
상토의 유효기한 및 생산일자를 어디에서 확인할 수 있나요?,"상토 포대 뒷면에 생산일자와 유효기한이 기재되어 있습니다.
수도용 경량·준중량 상토의 경우 유효기한이 보통 10개월~1년이며, 중량 상토의 경우 유효기한이 2년입니다.
원예용 상토의 경우 유효기한이 보통 1년이며, 유통기한이 지난 상토는 사용하지 않는 것이 좋습니다."
벼 생육 온도,"발아적온 : 30~32℃

출아적온 : 25~30℃

활착기 : 25~38℃

분열기 : 25~30℃

감수분열기 : 30~32℃

개화적온 : 30~35℃

등숙적온 : 21~22℃"
벼 생육 단계,"영양생장기 → 생식생장기 → 등숙기

- 생육기간 장단에 따라 조생종·중생종·중만생종으로 구분
- 생육기간 차이는 주로 영양생장 기간의 차이에 의해 결정"
고품질 쌀 재배 요령,"품종 선택 및 적기 재배

- 지역생태와 품종의 숙기를 고려하여 품종을 선택함.
- 완전미 수량 확보를 위한 품종을 선택함.
- 적기 이앙시기를 준수함.
표준시비 준수

- 10a당 질소 9kg을 시비함(평야지 보통 논).
- 시비 처방에 의한 질소비료를 사용함.
병해충 방제

- 품질에 영향을 주는 병해충을 집중 방제함.
- 시용시기를 준수하고 예방 위주의 사전 방제를 철저히 함.
적기 수확

- 적기 수확 시 불완전미의 발생 경감으로 품질이 향상됨.
수확 후 관리

- 품종별 숙기 및 유형별 건조 방법을 준수함.
(건조온도 40~50℃, 수분함량 15%, 저장온도 15℃ 정도)"
복숭아 재배적지,"토심이 깊고 배수가 양호한 양토 또는 사양토

산성 토양 : pH 4.9~5.2

사방이 산으로 막힌 분지는 개화 전후 늦서리 피해를 받기 쉬움."
복숭아 생리적 특성,"꽃눈 분화기 : 7월 하순~8월 하순

눈은 홑눈과 겹눈이 있으며, 겹눈인 경우 대체로 꽃눈 2개, 잎눈 1개가 정상임.

자가결실률이 양호함.

꽃가루 없는 품종은 꽃가루 많은 품종과 혼식해야 함."
복숭아 고품질 다수확 재배 기술,"시비 : 토양 분석에 의한 유기물 및 석회 시용

(유기물 2.5~3.0% 유지)
심경에 의한 토양 이화학 개선, 심토 파쇄기 이용

수세에 알맞은 전정 (과도한 강전정은 피함.)

열매솎기(적과) : 개화 2주 전 적뢰작업 실시, 2~3회 열매솎기함.

수확 후 낙엽기까지 복숭아굴나방, 세균성구멍병 등 병해충 방제"
사과 생육환경,"평균 기온 : 8~11℃ (6℃ 이상~14℃ 이하) 

생육적온 : 18~24℃

30℃ 이상 : 과실 비대, 꽃눈 형성 불량
과실 성숙기 생육적온 : 20~25℃

착색적온 : 일 평균 12~13℃
야간 평균 기온 : 8℃ 전후
일조시간 : 2,300시간

강수량 : 1,300mm 이하"
사과 토양조건,"토성 : 양토~사양토

작토 깊이 : 1m 이상

토양 경도 : 18mm 이하 (24mm 이상 : 장해 발생)

투수성 : 2.7mm/시간 "
고품질 사과 생산 기술,"토양 관리

- 토양검정에 따른 시비량 조절로 수세가 안정될 수 있도록 함.
- 초생 재배 체계를 확립함.
- 생육기별 적정 수분을 관리함.
사과 상품 비율 향상

- 소질이 우수한 결과지를 갱신하고 광환경을 개선함.
- 방화곤충 + 인공수분
- 적정 잎 수 기준으로 순차적으로 적과함.
사과 친환경 병해충 종합관리

- 성페로몬 트랩 등을 이용한 예찰로 적기에 방제함."
배 생육 온도,"생육적온 : 20℃ 내외

동해온도(휴면기) : 영하 25~30℃

동해온도(개화기) : 영하 1.7~2.8℃ "
배 재배적지,"토심이 깊고 유기물 함량이 많은 곳 

토양산도 : pH 5.5~6.5

바람이 세지 않고 배수가 잘 되며 늦서리 피해가 없는 곳

평지 (경사지 : 15° 미만 재배 가능) "
배 생리적 특성,"꽃 한 과총에서 5~8개의 꽃이 밑에서 차례로 피어 올라감.  3~4번째 꽃에서 열린 과실이 좋음.

꽃눈 분화기는 6월 중순~8월이며 수분수를 20% 이상 섞어 심음.  신고·황금배는 꽃가루가 없으므로 2품종의 수분수가 필요함."
배 재배 기술,"인공수분 : 결실율 및 정형과율 향상, 과중 증대 

점적관수 : 7~10일 간격 20~30㎜

열매솎기(적과) : 3~4 열매 송이에 1과씩 남김.

토양개량 : 심경, 유기물, 석회 시용 등

병해충 방제 : 검은별무늬병, 꼬마배나무이, 응애, 깍지벌레 등"
감 생육 환경,"평균 기온 : 13℃ 이상 

휴면기(12월~익년 2월) 평균 기온 : -1℃ 이상

휴면기(12월~익년 2월) 최저 기온 : -4℃ 이상

성숙기 평균 기온

- 10월 : 15℃
- 11월 : 9℃ 이상
일조 시간 : 2,340시간 이상"
감 착과 특성,"단감은 새가지에서 잎이 핀 후 개화 및 결실하며,  과실은 전년도가지 선단부에서 기부 쪽으로
1~5개 눈에서 발생한 새가지에 착과됨

생리적 낙과가 많기 때문에 결실 조절에 유의해야 하며,  수분수는 반드시 5~10%를 혼식하는 것이 좋음"
감 고품질 과실 생산 기술,"단감원 토양 관리

- 토양검정 및 영양진단 기준에 따른 시비량 조절로 수세 안정
- 오손과 발생 유무에 따라 초생재배 결정
- 생육기별 적정 수분 관리
과실 크기에 따른 결실 조절

- 대과 : 적뢰(5월)
- 중과 : 적뢰(5월) + 적과(6월)
- 소과 : 적과(7월)
- 결실 조절 기준 : 결과모지에 착생된 엽 기준 (15~25엽/과)
돌발성 도장지 예방

- 수고 낮추기는 3~4년에 걸쳐 점진적으로 낮춤
- 굵은 가지를 절단한 나무는 결과모지수를 많이 남김"
고추 생육온도,"발아적온 : 15℃ 이상

육묘적온 : 22~30℃

개화적온 : 18~23℃ 

생육적온 : 20~30℃

과비대적온 : 18~23℃

저장적온 : 4℃"
고추 재배적지,토양 적용 범위는 넓은 편으로 pH 6.1~7.6 범위이나 pH 6.5정도의 중성토양이 적당함. 
고추 생리적 특성,"중일성 작물로 가지과에 속하는 영년생 작물임.

가뭄에 강한 편이나 장마에는 약함(일명 : 한초).

개화 착과 가능온도 : 15.5~28.5℃

주당 300~400화 정도가 개화하여 200화 정도 착과하며, 이중 70~130개 정도 수확이 가능함.

꽃피는 주기 : 1차(7월 상순), 2차(8월 상순), 3차(9월 중순)

붉은 고추 수확이 가능한 개화·결실 한계기 : 중부(8월 하순), 남부(9월 상순)"
고추 주요 기술,"관비재배 : 관행재배 대비 52% 증수, 추비 노동력 69% 절감

높은 이랑 재배 : 평이랑 재배 대비 23~28% 증수

비닐 덮기 재배 : 무피복 대비 20% 증수

역병, 탄저병 방제 : 예방 위주의 적기 방제가 필요함."
배추 생육 온도,"발아적온 : 25~25℃

육묘적온 : 20~22℃

개화적온 : 12℃

생육적온 : 15~20℃,

결구적온 : 15~16℃

저장적온 : 0~3℃"
배추 재배적지,"토양산도 : pH 5.5~6.8 

(산성토양에서는 병해 발생 증가)"
배추 생리적 특성,"저온성 채소로 서늘한 기후를 좋아함

생육 초기에는 고온에 비교적 잘 견디나 결구기에는 내고온성이 약함

종자춘화형의 식물로 12℃이하에서 7일이상 지나면 꽃눈이 분화되고, 고온에 의하여 추대가 촉진됨

자가 불화합성이 있어 계속 자식시키면 세력이 약화됨"
배 주요 기술,"망사터널재배로 바이러스 이병률 감소 :  무피복 100% → 망사터널 0%

비닐 덮기 재배 : 무피복 대비 7~39% 증수

결구기 관수효과 : 자연강우 대비 193~396% 증수

배추 기계화 생력재배 효과  : 관행 대바 노동력 19% 절감 "
마늘 생육 온도,"발아적온 : 15~27℃

생육적온 : 18~20℃"
마늘 재배적지,토양산도 : pH 5.5~6.0
마늘 생리적 특성,"마늘 쪽이 분화되기 위해서는 5℃ 이하에서 30일 이상 경과되어야 함.

25℃ 이상의 고온에서는 생육이 정지됨.

구의 비대는 일장과 온도의 영향을 많이 받는데, 12시간의 장일 조건에서는 구 비대가 촉진되고 단일 조건에서는 구 비대 억제됨."
양파 생육 온도,"발아적온 : 15~25℃

생육적온 : 17℃"
양파 재배적지,"부식질이 풍부하고 배수가 잘 되는 사양토 또는 식양토

토양산도 : pH 6.3~7.3"
양파 생리적 특성,"광이 없는 어두운 조건에서 발아가 잘 됨.

25℃ 이상의 고온에서는 생육 장해가 발생함.

양파의 구 비대에는 일정한 시간 이상의 일장이 있어야 하며, 조생종은 11.5~13시간, 중만생종은 13~14.3시간이 필요함."
파 생육 온도,발아적온 : 15~25℃
파 재배적지,"토심이 깊고 배수가 좋은 토양 

토양산도 : pH 5.7~7.4"
파 생리적 특성,"파는 선선한 기후를 좋아함.

내한·내건성이 있으나 토양 과습에는 매우 약함.

일장이 길어지고 온도가 높아지면 잎 끝이 마르는 증상이 발생함."
파 주요 기술,"적기 파종 및 적정 크기의 묘 정식이 필요함.

정식 후 잡초 및 병해충 방제를 적기에 실시함.

북주기(뿌리나 밑줄기를 흙으로 두둑하게 덮어 주는 일)를 통해 상품성을 향상시킴."
토마토 생육 온도,"발아적온 : 25~30℃

육묘적온 : 20~25℃

개화적온 : 20~25℃

생육적온 : 17~27℃

근비대적온 : 25~30℃

저장적온 : 4℃"
토마토 재배적지,토양산도 pH 6.5~7.0
토마토 생리적 특성,"호온성 채소이나, 고온다습하면 착과불량,  과실비대 부진, 열과, 품질 저하, 병해 발생 증가

육묘기 야간 온도가 12℃ 이하이면 기형과 발생 증가

일장에 대해서는 중일성 작물이나, 꽃눈 분화는 16시간 정도의 장일에서 빨라지고, 제1화방의 착과 절위는 8시간 정도의 단일하에서 낮아짐"
토마토 주요 기술,"밀식재배 (90×50cm → 90×20cm) : 93% 증수

점적관수 재배: 분수관수 대비 6~10% 증수

이산화탄소 시비 : 무시용 대비 32% 증수

어린묘 재배 (9~11엽묘 → 5~6엽묘) : 43% 증수"
수박 생육 온도,"발아적온 : 28~30℃

개화적온 : 15~20℃

생육적온 : 25~30℃

근비대적온 : 20℃

저장적온 : 3~10℃"
수박 재배적지,"토양산도 : pH 5.5~6.8  

심토가 깊은 사질토양"
수박 생리적 특성,"호온성 작물로 고온에서 생육이 양호함.

개화에서 성숙까지의 적산온도 : 800~1,000℃

건조에는 강하나 다습에는 약하여 피해가 발생함.

연작을 싫어하는 기지성(忌地性)이 강한 작물로 반드시 윤작을 해야 함.

덩굴쪼김병 방지를 위해 접목재배를 실시함."
수박 주요 기술,"고밀식 비가림 지주재배 

- 관행 재배 대비 13~68% 증수
여름철 비닐하우스 이용한 비가림재배 시 관수방법 개선

- 생육 전기간 관수 대비 착과율 33% → 82% 향상"
오이 생육 온도,"발아적온 25~30℃

육묘적온 18~25℃

생육적온 20~25℃

근권적온 20~23℃

저장적온 5~10℃"
오이 재배적지,토양산도 pH 5.5~6.8 (pH 4.3 이하에서는 고사)
오이 생리적 특성,"자웅이화 작물로서 성분화에는 온도와 일장이 주로 관여함.

15℃ 정도의 야간 저온과 8~10시간의 단일 조건에서 암꽃 분화가 촉진됨.

단위 결과성이 높은 열매 채소임.

덩굴쪼김병 방제, 저온신장성 및 내서성 강화, 초세유지를 위해 접목 재배함."
오이 주요 기술,"봉지재배로 규격 오이 생산 

- 상품과율 향상 및 선별 노동력 절감
관비재배

- 관행 대비 수량 증수, 염류 집적 감소
일사비례  변온관리 

- 10~25% 증수, 에너지 절감"
(농식품 청년기업 성장펀드) 농식품 청년기업 성장펀드는 어떤 지원사업인가요?,"우수한 기술력과 성장 가능성이 높은 농식품 청년기업이 안정적으로 성장할 수 있도록 정책 펀드 조성을 통해 사업화 자금 등을 지원하는 사업입니다. 
'창업 초기(Start-up)', '사업화(Step-up)', '후속투자 유치(Scale-up)' 등 각 성장단계별 전용 펀드를 통해 민간 투자자(펀드 운용사)에게 인정받은 기업은 기술개발, 사업화 등에 필요한 자금을 지원받을 수 있습니다. 
자세한 사항은 탄탄창업가이드>농식품 청년기업 성장펀드 첨부파일을 확인해 주세요."
(농지은행)농지은행 관련 문의는 어디에 물어봐야 하나요?,농지은행 관련 문의는 농지은행 전용 콜센터(1577-7770) 혹은 농지은행 통합포털(https://www.fbo.or.kr/)을 이용해주시길 바랍니다.
(농지매입 지원사업) 지원사업의 지원 제외 대상은 어떤 경우가 있나요?,"가. 「농어업경영체 육성 및 지원에 관한 법률」제4조에 따라 농업경영정보를 등록하지 않은 경우 
나. 농지 매매 또는 임차임대(과원규모화 포함) 사업의 원리금 연체자, 국세 및 지방세 체납자 등 금융 부담 능력에 대한 경영진-단 실시 결과 부적합자
다. 본인이 안정적인 타 직업에 종사하는 자로서 본인의 농업 외의 종합소득액이 연간 37백만원 이상인 자 
라. 농지가 소재하는 시·군·구 및 그와 연접한 시·군·구 또는 해당 농지까지 직선거리 30km 이내에 거주하는 농업인 이외의 자
마. 허위·담합 등으로 부당 지원을 받거나, 사후관리 위반으로 시정촉구를 받고시정하지 않은 자 
바. 당해 농지의 당초 소유자와 부부, 형제자매 또는 직계존비속인 자 
- 단, 다른 상속인의 상속농지를 매입하고자 하는 자는 지원 가능 
사. 운영자금을 제외한 농지매매사업, 농지구입자금(농협 자금 포함)을 지원받은농업법인의 사원·주주·조합원
아. 농림축산식품부의 경영회생지원농지매입 사업으로 소유농지를 공사에 매도하고 해당농지를 임차 중인 자는 매매사업 지원 불가
- 단, 농지 임차임대 및 비축농지 임대는 지원 가능"
(농지은행) 농지은행이 무엇이며 신청은 어떻게 하는 건가요?,"농지은행이란, 고령은퇴, 이농 및 직업전환, 농업경영에 이용되지 않는 농업인 소유의 농지, 비농업인(상속·이농)의 소유농지 등을 매입하고, 이를 젊은 농업인에게 지원하는 농지지원사업(한국농어촌공사 주관 사업)입니다.

1) 사업신청 방법
- 현장 : 신청인 주소지 관할 한국농어촌공사 지사(1577-7770)
- 온라인 : 농지은행포털(https://www.fbo.or.kr)

2) 사업신청 기간 : 연중
지원사업 종류, 신청서 및 선정기준 등 자세한 사항은 홈페이지(https://www.fbo.or.kr/)를 통해 확인 바랍니다."
(스마트팜 청년창업 보육센터) 스마트팜 청년창업 보육센터 선발대상은 어떻게 되나요?,"전공에 관계없이 스마트팜 영농기술을 배우고자 희망하는 청년은 지원 가능합니다. 

- 사업시행년도 1월 1일 기준 만 18세 이상 ~ 만 39세 이하의 대한민국 국적 소지자 

* 재학생 또는 취업자라도 20개월 교육과정 의무교육시간 이수 가능자는 신청가능

** 스마트팜 청년창업 보육센터 교육 이력(수료 포함)이 있는 경우 지원 불가(단, 교육을 수료하지 않고 불가피한 사유 등으로 중도포기 사유서를 제출·승인받은 경우는 제외)"
(농지은행) 만 40세 이상 청년농업인은 농지은행 농지지원 최우선 순위가 아닌가요?,"청년농업인은 나이 상관없이, 선정 후 5년 동안 맞춤형 농지지원 사업을 최우선 순위로 지원받을 수 있습니다."
(농지은행) 농지은행을 통해 농지매입 시 자부담은 후계농 정책자금으로 납부할 수 있나요?,불가능합니다. 농업정책사업(지방자치단체사업 포함)으로 지원하는 융자 사업(융자+보조 포함)의 자부담분은 후계농 육성자금으로 사용이 불가능합니다.
(청년농업인 영농정착지원) 청년농업인들을 위한 유통판로 지원은 어떤것들이 있나요?,"청년농업인이 안정적인 영농정착을 할 수 있도록 네이버쇼핑, 현대그린푸드 등과 협업하여 유통,판로 개척을 지원해 드리고 있습니다."
농신보에서 개인신용도는 어떤 기준으로 판단하는지?,"내부 고객정보와 대외 신용정보를 활용함

-농신보 신용평가는 내부 고객정보와 외부 신용정보회사의 평가결과를 이용하여 점수를 산출하고 있음

-내부 고객정보는 경력, 농신보 거래내역 등을 종합하여 평가하며, 외부 정보는 복수의 신용정보회사 정보(대출, 카드실적, 연체이력 등)을 이용하여 평가함

출처: 농림수산업자신용보증기금 '알기 쉬운 청년 농신보'"
직업 상 현장교육을 받기 어렵습니다. 귀농에 대해 공부를 하고 싶은데 다른 방법은 없나요?,"귀농교육은 온라인교육과 오프라인교육이 있습니다.
온라인교육은 시간과 장소의 제한 없이 귀농희망자들이 편리하게 강의를 수강할 수 있는 장점이 있습니다. 온라인교육은 농업교육포털（www.agriedu.net）과 농촌진흥청 농촌인적자원개 발센터（http://hrd.rda.go.kr）에서 수강하실 수 있습니다.
귀농 농업창업 및 주택구입지원사업 신청대상자 조건 중 하나인 귀농영농교육 100시간 이상 이수 관련하여, 온라인교육은 수료시간의 50% 범위 내에서 최대 40시간까지만 인정됩니다.

출처 : 귀농귀촌 종합상담 매뉴얼"
농업 관련 창업교육을 받을 수 있는 기관이 있나요?,"창업사업계획서는 창업자가 자기 사업의 성공확신을 위해 제시하는 로드맵입니다. ‘사업계획’은 유망한 사업아이템(아이디어, 기술, 제품, 체험, 서비스 등)을 실행 가능한 구체적인 계획으로 발전시킨 것이며, ‘사업계획서’란 사업에 대한 밑그림으로 사업전반에 대한 내용을 문서화한 것입니다. 즉, 창업아이템 및 사업 목적 달성을 위해 자원 활용 방법, 경영전략 등 사업과 관련된 제반사항을 체계적이고 실현가능하게 작성한 것입니다.

농업실용화재단(http://bi.fact.or.kr/front/index.do)은 농업분야의 창업교육은 물론 창업상담, 창업보육, 창업정보 제공을 하는 전문기관입니다. 농업분야 전문창업교육을 받기를 원하시는 분들은 농업실용화재단을 활용하시기 바랍니다.

전국의 창업기관에서도 창업교육을 하고는 있지만 농업분야에 대해서는 거의 교육이 이루어지고 있지 않는 것으로 알고 있습니다. 농림수산식품부에서는 “농업전문창업보육센터”를 한시적으로 지원한 적이 있었습니다. 이때에는 농업관련 창업교육이 이루어졌습니다만 “농업전문창업보육센터”가 각 대학의 창업보육센터와 합쳐진 이후에 농업관련 창업교육은 이루어지고 있지 않습니다.

창업기관에서는 기관마다 다르기는 하지만 다음과 같은 창업교육을 하고 있습니다. 창업을 하는데 있어서 많은 도움이 되니까 꼭 창업 전 교육을 받으시기 바랍니다. 그리고 무엇보다도 창업기관에서 하는 창업교육을 받게 되면 중소기업청에서 매년 시행하는 예비창업자육성사업(사업비 5천만원~1억원 지원)에 응모시 가산점이 있습니다. 예비창업자육성사업의 경쟁율이 매우 높으므로 창업교육 가산점은 아주 큰 도움이 될 것입니다.

○ 창업교육 내용
- 예비기업 성공창업 전략
- 창업과 벤처경영 전략
- 특허 전략
- 기술창업
- 지적재산권
- 성공적인 사업발표 (프레젠테이션 스킬)
- 사업 인맥
- 중소기업 지원 사업
- 사업타당성 분석
- 시장조사 방법

참고 링크 :  https://www.xn--6-ql4f73k2zh.com:448/home/main.cs

출처 : 똑똑!청년농부"
귀농귀촌교육은 어디에서 받을 수 있나요?,"귀농교육은 온/오프라인으로 수강이 가능합니다. 온라인교육은 농업교육포털 ( http://www.agriedu.net/ )으로 직접 접속하시거나, 그린대로 홈페이지 '교육정보' > '온라인교육'을 클릭하시고 회원가입 후 이용이 가능합니다. 오프라인교육은 농림축산식품부, 농촌진흥청, 산림청 및 지자체가 주관 또는 위탁하는 귀농·영농 교육과정을 주최하거나, 위탁하여 운영합니다..

그린대로에서 운영하는 교육정보는 홈페이지 > '교육정보'  > '오프라인교육 ' 및 '알림소식' > '공지사항'을 통해 민간기관공모교육의 세부교육정보를 확인할 수 있습니다.

교육을 운영하는 기관 및 과정에 따라서 교육대상자/교육내용/교육장보/교육비 등이 상이합니다. 따라서 해당 교육운영기관으로 문의하시면 정확한 상담이 가능합니다.

참고 링크 :  https://www.greendaero.go.kr/

출처 : 똑똑!청년농부"
농업 관련 온/오프라인 교육은 어디서 찾아볼 수 있나요?,"농업교육포털에서 관련 온/오프라인 교육을 확인하실 수 있습니다. 

콜센터 : 1811-8656

홈페이지 : https://agriedu.net/"
스마트팜 관련 표준 정보는 어디서 확인할 수 있나요?,"스마트팜 표준 정보는 한국농업기술진흥원 사이트에서 확인하실 수 있습니다. 

한국농업기술진흥원 사이트 접속(koat.or.kr) > 농산업정보 > 스마트팜 표준 정보

링크: https://www.koat.or.kr/board/standard_doc/list.do
"
"스마트팜 현장지원센터는 무엇이며, 권역별 스마트팜 현장지원센터는 어디에 위치해 있나요?","스마트팜 현장지원센터는 스마트팜 시설 설치 농가의 활용도 제고를 위해 시군 농업기술센터, 도 농업기술원 내 운영되는 기관입니다. 

* 업무: 농가의 문의사항 해결을 위한 콜센터, 스마트팜 관련 교육, 시설활용 및 재배 컨설팅, 시설점검 및 사후관리(A/S)

현재 세종, 경기, 강원, 충북, 충남, 경북, 경남, 전북, 전남까지 총 8개소로 운영 중 입니다. 

스마트팜코리아 홈페이지(smartfarmkorea.net)에서 [지원사업 안내] - [현장지원센터]로 들어가시면 권역별 스마트팜 현장지원센터 위치와 담당자(연락처 포함)를 확인하실 수 있습니다. "
농산물 유통 관련 교육은 어떻게 확인할 수 있나요?,"현재, aT농수산식품유통교육원에서는 유통?식품?수출?수산의 다양한 분야 전문인력 양성을 위한 실무역량 강화교육을 제공하고 있습니다. 

홈페이지(edu.at.or.kr)에서 교육일정 확인 및 교육신청 등이 가능하며 ‘교육안내→자주하는 질문’ 페이지에서도 도움을 받으실 수 있습니다.

자세한 내용은 각 교육별 담당자에게 문의주시기 바랍니다. "
스마트팜과 관련한 교육을 받고 싶습니다. 교육일정은 어디에서 확인할 수 있나요?,"스마트팜코리아 홈페이지(www.smartfarmkorea.net) 메인화면 상단의 [스마트 팜 교육 > 교육과정 조회 및 신청]에서 확인하실 수 있습니다.

또한, 지자체 문의 및 농업교육포털(www.agriedu.net) 참조 부탁드립니다."
스마트팜을 도입하고 싶은데 도입에 참고할 만한 우수농가를 알 수 있을까요?,"스마트팜 컨설턴트, 지자체 담당자로부터 우수 농가를 추천받아 선별하여 '우수농가 사례집'을 제작하였습니다. 

*우수농가 사례집은 [스마트팜코리아 사이트 열람>스마트팜이란>우수사례]에서 확인하실 수 있습니다."
(재해보험) 재해보험은 어디에서 가입해야 하나요?,"①농작물재해보험: 농협손해보험(지역농협)
https://www.apfs.kr/front/contents/sub.do?contId=55&menuId=5325

②가축재해보험: 농협손해보험(지역농축협), KB손해보험, 한화손해보험, DB손해보험, 현대해상, 삼성화재

- 지원내용: 보험료의 일부(20~40%) 수준을 지자체에서 지원

- 사업대상자: 사업실시지역에서 보험대상 목적물을 재배(사육)하는 개인 또는 법인

- 구비서류: 청약서, 보험목적물 증빙자료, 농업경영체 등록(농업인 확인서) 등

https://www.apfs.kr/front/contents/sub.do?contId=91&menuId=5325"
(재해보험/자조금) 재해보험 및 자조금은 꼭 가입해야 하나요?,"재해보험 및 자조금은 경영안정시책으로 의무적으로 가입해야 합니다.

① 재해보험

- 사업대상자는 주 생산품목의 보험상품이 개발되어 있는 경우 해당 품목의 가입기간 내에 의무적으로 가입해야 합니다. (기한 차기연도 3월)

* 단, 해당 재해보험 상품에서 정하는 면적 및 사육두수 등 영농 규모 하한 이상인 경우에만 적용

* 소는 1년 이내 출하 예정인 경우, 소 이력제 현황의 70% 이상 가입 시 포괄가입으로 간주

* 재해보험 개발시기가 3월 이후라면, 그 사실을 입증하는 서류를 제출한 뒤 개발시기까지 가입 의무 유예 가능(지자체 협의 필요)

* 자세한 사항은 농업정책보험금융원 안내자료를 참고하시기 바랍니다.

https://www.apfs.kr/front/contents/sub.do?contId=55&menuId=5325

② 자조금

- 본인의 주품목 기준으로 농림축산식품부에서 지원하는 의무 자조금 품목에 대해 영농정착지원금 수령기간의 80% 이상 가입 상태 유지해야 합니다. (임의 자조금 품목은 가입의무 없음)

* 단, 해당 자조금 품목에서 면적 및 사육두수 등 영농 규모 하한을 정한 경우에는 그 이상의 영농규모인 경우에만 적용"
"(농업경영장부)농업경영장부 사용 중에 오류 발생 시 어디에 문의해야
합니까?",농업경영장부 오아시스 콜센터 1661-5159에 문의하시길 바랍니다
"(농업경영장부)다른 프로그램을 사용하고 있는데 꼭 농업ON을 써야
하나요?","농업ON의 농업경영장부만 AgriX 시스템에 연계되어 있기 때문에, 타 경영프로그램을 사용할 경우 지자체 담당자가 이행점검을 할 수가 없습니다."
(농업경영장부) 농한기에 농업경영장부를 어떻게 작성해야 하나요?,"농한기에도 농업경영장부를 작성해야 하며, 기자재 구입·저장, 농업교육 수강 등의 영농 준비활동으로 내용을 작성하시면 됩니다"
"(농업경영장부) 농업경영장부, 영농일지, 회계장부는 모두 같나요?","농업경영장부는 크게 영농일지와 회계장부 2개로 구성되어 있습니다. 입출금장부는 회계장부의 간소화 버전으로, 영농일지와 회계장부를 작성해야 합니다."
"(농업경영장부) 농업경영장부 언제, 어디서 작성해야하나요?","농업경영장부는 ①바우처를 지급받는 달부터, ②농업ON(www.agrion.kr)에서, ③영농일지와 회계장부 모두 작성하셔야 합니다.

* 경로: 농업ON → 영농지원ON → 농업경영장부 서비스

* 사용자 매뉴얼은 마이영농 → 이용안내 → 사용 매뉴얼에서 다운 받으실 수 있습니다."
(융자금) 후계농 정책자금 받을 수 있을 때까지 심의 기간은 얼마나 걸리나요?,"신청하신 대출시행기관에 따라 다릅니다.

- 농신보: 서류가 완벽하게 갖추어진 시점부터 보증서 발급까지 7~10일이 소요됩니다.(신용 검증 등의 문제로 지연될 수 있습니다.)

- 지역농협: 농신보의 보증서, 농협에서 요구하는 각종 서류의 구비 완료 시점에 따라 다릅니다."
(융자금)정책자금으로 배우자 명의의 사업장 구입이 가능한가요?,"아닙니다. 정책자금은 반드시 본인 명의로 사업을 진행해야 합니다. 농지구입, 시설물 신축 등에 따른 소유권도 본인 명의로 등기해야 하며, 공동지분, 공동명의 등기도 불가합니다."
(융자금)후계농 정책자금은 담보제공 없이도 대출 가능한가요?,"후계농 정책자금도 금융권 대출과 동일합니다. 만일 담보가 없는 경우 농신보에서 신용보증을 하지만, 개인 신용도 또는 담보 제공 여부에 따라 최대 대출한도(5억원)는 조정될 수 있습니다.

「후계농업경영인 선발 및 지원사업 시행지침」에서 정하지 않은 사항은 일반 여신업무규정을 준용하고 있으므로, 예금·부동산·보증서 등 적격담보의 대출 가능 금액 및 신용대출한도 이내로 대출이 가능합니다. 

* 이미 실행한 일반 대출을 농신보 보증 대출로 변경하는 것은 불가능"
(융자금)배정받은 지원한도 전액 대출이 가능한가요?,"대출시점에 신청인의 신용 및 담보력이 부족한 경우에는 배정받은 지원 한도보다 실제 대출 가능금액이 적거나 없을 수 있습니다. 또한 ""귀농창업자금 및 주택구입자금"" 정책자금을 실행하신 분들은 최대 5억원에서 기 실행한 금액을 제외한 금액을 지원받으실 수 있습니다.

* 신청 가능 금액 = 5억원(지원한도액) - 기 대출받은 후계농, 귀농정책자금의 대출금액(농업창업분야) 등"
"(융자금)사업장 또는 주소지 관할 외 농협에서도 후계농 정책자금 신청
가능한가요?","가능합니다. ‘사업추진(계획/실적) 확인서’에 대출받고자 하는 대출 취급기관을 명시하시면 됩니다. (명시된 대출 취급기관에서만 대출이 가능)

* 사업완료 전 대출 : 사업추진계획 확인서를 발급

* 사업완료 후 대출(기성률 대출 포함) : 사업추진실적 확인서를 발급"
(융자금)후계농 정책자금의 금액과 상환기한은 어떻게 되나요?,"후계농 정책자금은 세대당 최대 5억원을 받을 수 있으며, 상환 조건은 5년 거치 20년 원금 균등분할 상환입니다. 만일 후계농업인으로 선정된 후 청년농업인으로 선정될 경우 기존에 사용한 금액을 제외한 잔여액에 대하여 대출 가능합니다.

* 단, 개인별 금융 상황에 따라 융자 가능 금액은 다를 수 있습니다.

* ’24년 이전에 선정된 경우에도 ’24년 이후 실행되는 대출에 대해서 동일한 상환기간(5년 거치 20년 분할상환)이 적용됩니다."
(융자금)후계농 정책자금의 신청 및 실행 시기는 언제인가요?,"청년농업인 및 후계농업인은 선정 후 5년까지 정책자금 신청 및 사용이 가능합니다.

<대출 가능 기간>

’20년 선정자 ‘24.12.31까지

’21년 선정자 ‘25.12.31까지

’22년 선정자 ‘26.12.31까지

’23년 선정자 ‘27.12.31까지

’24년 선정자 ‘28.12.31까지

- 단, 당해연도까지 후계농업경영인 경영교육을 반드시 수료하셔야 대출 신청이 가능합니다. 

- 스마트팜보육센터 수료생 → 보육센터 수료증으로 대체 가능 

- 청년농업인 선정자 → 청년농업인 선정자 대상 온라인 설명회 수료증으로 대체 가능

자세한 교육 과정 및 신청방법은 청년농업인 카페(cafe.naver.com/koreayoungfarmer)의 농업교육정보 알리미를 참고 바랍니다."
(농지은행)농지은행의 임대수탁사업 임차료와 수수료는 얼마인가요?,"임차료는 해당 지역 임차료 수준을 협의하여 결정하고, 매년 약정된 임차료에서 수수료 5%를 공제하고 지급됩니다."
(농지은행)비축농지 농업용 시설물 설치 범위는 어떻게 되나요?,"철거가 쉬운 농업용 간이시설, 농업용 비닐온실(파이프조 단동·연동형)만 지사 승인 후 설치가 가능합니다."
(농지은행)청년농업인은 농지 취득세 감면을 받을 수 있나요?,"「지방세특례제한법」 제6조에 따라, 후계농업경영인 및 청년농업인은 취득한 농지에 대해서 취득세의 50%를 2024년 12월 31일까지 경감합니다.

지방세특례제한법 제2장 제1절 제6조(자경농민의 농지 등에 대한 감면)

① 대통령령으로 정하는 바에 따라 농업을 주업으로 하는 사람으로서 2년 이상 영농에 종사한 사람 또는 「후계농어업인 및 청년농어업인 육성ㆍ지원에 관한 법률」 제8조에 따른 후계농업경영인 및 청년창업형 후계농업경영인(이하 이 조에서 “자경농민”이라 한다)이 대통령령으로 정하는 기준에 따라 직접 경작할 목적으로 취득하는 대통령령으로 정하는 농지(이하 이 절에서 “농지”라 한다) 및 관계 법령에 따라 농지를 조성하기 위하여 취득하는 임야에 대해서는 취득세의 100분의 50을 2026년 12월 31일까지 경감한다. 다만, 다음 각 호의 어느 하나에 해당하는 경우 그 해당 부분에 대해서는 경감된 취득세를 추징한다. <개정 2010. 12. 27., 2011. 12. 31., 2015. 12. 29., 2016. 12. 27., 2017. 12. 26., 2020. 5. 19., 2020. 12. 29., 2021. 12. 28., 2023. 12. 29.>

1. 정당한 사유 없이 그 취득일부터 2년이 경과할 때까지 자경농민으로서 농지를 직접 경작하지 아니하거나 농지조성을 시작하지 아니하는 경우

2. 직접 경작한 기간이 2년 미만인 상태에서 매각ㆍ증여하거나 다른 용도로 사용하는 경우

② 자경농민이 다음 각 호의 어느 하나에 해당하는 시설로서 대통령령으로 정하는 기준에 적합한 시설을 농업용으로 직접 사용하기 위하여 취득하는 경우 해당 농업용 시설에 대해서는 취득세의 100분의 50을 2026년 12월 31일까지 경감한다. <개정 2014. 12. 31., 2017. 12. 26., 2018. 12. 24., 2020. 12. 29., 2023. 12. 29.>

1. 양잠(養蠶) 또는 버섯재배용 건축물, 고정식 온실

2. 「축산법」 제2조제1호에 따른 가축을 사육하기 위한 시설 및 그 부속시설로서 대통령령으로 정하는 시설

3. 창고[저온창고, 상온창고(常溫倉庫) 및 농기계보관용 창고만 해당한다] 및 농산물 선별처리시설

③ 자경농민이 경작할 목적으로 받는 도로점용, 하천점용 및 공유수면점용의 면허에 대해서는 등록면허세를 2021년 12월 31일까지 면제한다. <개정 2015. 12. 29., 2017. 12. 26., 2018. 12. 24.>

④ 대통령령으로 정하는 바에 따라 「농업ㆍ농촌 및 식품산업 기본법」 제3조제5호에 따른 농촌 지역으로 이주하는 귀농인(이하 이 항에서 “귀농인”이라 한다)이 대통령령으로 정하는 기준에 따라 직접 경작 또는 직접 사용할 목적으로 대통령령으로 정하는 귀농일(이하 이 항에서 “귀농일”이라 한다)부터 3년 이내에 취득하는 농지, 「농지법」 등 관계 법령에 따라 농지를 조성하기 위하여 취득하는 임야 및 제2항에 따른 농업용 시설(농지, 임야 및 농업용 시설을 취득한 사람이 그 취득일부터 60일 이내에 귀농인이 되는 경우 그 농지, 임야 및 농업용 시설을 포함한다)에 대해서는 취득세의 100분의 50을 2024년 12월 31일까지 경감한다. 다만, 귀농인이 다음 각 호의 어느 하나에 해당하는 경우에는 경감된 취득세를 추징하되, 제3호 및 제4호의 경우에는 그 해당 부분에 한정하여 경감된 취득세를 추징한다. <신설 2010. 12. 27., 2011. 12. 31., 2014. 12. 31., 2015. 6. 22., 2016. 12. 27., 2018. 12. 24., 2020. 12. 29., 2021. 12. 28., 2023. 12. 29.>

1. 정당한 사유 없이 귀농일부터 3년 이내에 주민등록 주소지를 취득 농지 및 임야 소재지 특별자치시ㆍ특별자치도ㆍ시ㆍ군ㆍ구(구의 경우에는 자치구를 말한다. 이하 같다), 그 지역과 연접한 시ㆍ군ㆍ구 또는 농지 및 임야 소재지로부터 30킬로미터 이내의 지역 외의 지역으로 이전하는 경우

2. 정당한 사유 없이 귀농일부터 3년 이내에 「농업ㆍ농촌 및 식품산업 기본법」 제3조제1호에 따른 농업(이하 이 항에서 “농업”이라 한다) 외의 산업에 종사하는 경우. 다만, 「농업ㆍ농촌 및 식품산업 기본법」 제3조제8호에 따른 식품산업과 농업을 겸업하는 경우는 제외한다.

3. 정당한 사유 없이 다음 각 목의 어느 하나에 해당하는 경우

가. 농지의 취득일부터 2년 이내에 직접 경작하지 아니하는 경우

나. 임야의 취득일부터 2년 이내에 농지의 조성을 시작하지 아니하는 경우

다. 농업용 시설의 취득일부터 1년 이내에 해당 용도로 직접 사용하지 아니하는 경우

4. 직접 경작 또는 직접 사용한 기간이 3년 미만인 상태에서 매각ㆍ증여하거나 다른 용도로 사용하는 경우"
(청년농업인 스마트팜 종합자금) 청년농업인을 위한 스마트팜 자금 대출 사업이 있나요?,"생애 최초 스마트팜 설치를 희망하는 만 40세 미만의 청년농업인(개인)으로, 농업계 고등학교 또는 대학의 관련학과를 

졸업하거나 스마트팜 청년창업 보육센터 교육 이수자를 대상으로 

최대 30억원 이내(5년 거치 20년 상화, 고정금리 1.5%)에서 지원해주는 사업입니다."
(귀농귀촌 정책지원) 사업 신청은 어떻게 해야 하나요?,"사업신청을 하기 전에 행정기관(시·군 담당부서 또는 농업기술센터)과 농협(농협중앙회 또는 지역농협)을 방문하여 사업신청 및 대출과 관련된 상담을 받아야 합니다.

이 때 상담을 받으러 갈 때는 어느 정도 구체화된 사업계획서를 가지고 가야 실질적인 도움을 받을 수 있습니다."
(청년농부 사관학교) 청년농부 사관학교 교육과정은 어떻게 이루어져 있나요?,"교육시간은 총 6개월 과정으로 진행됩니다. 

'24년도 사업 기준 총 704시간(22주 과정)이며,
실습교육 : 기초교육+비즈플랜(농가현장)+현장인턴 = 560h(79%)

이론교육 : 기초교육 + 비즈플랜(센터교육) = 144h(21%)
로 구성되어 있습니다. 

구체적인 교육일정은 탄탄창업가이드>청년농부사관학교 첨부파일을 참조해주시기 바랍니다. 
"
(청년 농촌보금자리조성) 해당 지원사업 입주자 선발 기준은 어떻게 되나요?,"○ 입주 대상자 중 다음의 우선순위에 따라 선발할 것을 권고 

① 만 40세 미만 귀농인(농촌 외 지역에서 농촌으로 이주, 자녀양육가구 우선)

② 만 40세 미만 귀농인(관외 출신, 농촌 지역에서 거주하던 비농업 종사자가 영농에 종사하게 된 경우) 

③ 만 40세미만 귀촌인* 

④ 관내 청년층

⑤ 만 40세 미만이면서 자녀를 1명이상 양육중인 가정 

⑥ 만 50세 미만 귀농ㆍ귀촌인 

* 회사, 공공기관, 학교 등에서 근무하는 사람의 지사근무, 순환보직 등 해당지역 일시적 거주를 위한 귀촌(동→읍ㆍ면)인은 선발 지양 



- 가구 구성원수별 가구당 월평균 소득 및 자산기준 등을 고려하여 우선순위 부여 

* 전년도 도시근로자 가구원수 별 가구당 월평균소득의 100% 이하, 무주택자, 총자산가액이 통계청이 발표하는 가계금융복지조사에 따른 소득 3분위 순자산평균값 이하(’23년 : 약 3억4천만원), 자동차 가액 5,000만원 이하"
(청년농업인 영농정착지원) 아버지(혹은 가족) 밑에서 함께 농업을 했습니다. 경영주로 인정이 되나요?,경영주인 아버지 혹은 가족 밑에서 농업인으로 일을 했더라도 본인이 경영주가 아니기 때문에 인정이 되지 않습니다. 본인 명의로 농업경영체 경영주 등록을 해야 합니다.
2023년 농약 판매관리인 교육 주요 질의 사항,"1. 2023년 농약 판매관리인 교육은 어떻게 진행되나요?

→ 2023년 농약 판매관리인 교육은 집합교육과 온라인 교육을 병행하여 진행됩니다. 집합교육과 온라인 교육을 모두 이수하셔야 수료증을 발급받으실 수 있습니다.

2. 집합교육과 온라인 교육 중 한 가지만 수료하면 안되나요?

→ 두 가지 교육 중 한 가지만 수료하시면 미수료로 처리됩니다. 반드시 두 가지 교육을 모두 이수하셔야 합니다.
   
3. 교육 시간은 어떻게 되나요?

→ 2023년 농약 판매관리인 교육은 권역별로 오전과 오후 교육으로 나누어 진행합니다. 오전 교육(10:00∼12:30)은 농협, 오후 교육(14:00∼16:30)은 시판상 판매관리인분들을 대상으로 진행합니다. 다만, 부득이한 사유로 해당 시간에 교육 참석이 어려우신 경우 타 시간대에 교육을 신청하셔도 교육을 이수하실 수 있습니다.
   
4. 타 지역에서 열리는 교육을 신청해도 상관없나요?

→ 본인 지역의 교육을 이수하실 수 없는 경우, 타 지역의 교육을 신청하셔도 교육을 이수하실 수 있습니다. 다만, 반드시 교육을 신청하신 해당 지역에서 교육을 이수하셔야 합니다.
   
5. 교육 신청기간은 어떻게 되나요?

→ 집합교육: 2023. 3. 20.(월) ∼ 2023. 4. 25.(화), 권역별 12개소

    온라인 교육: 2023. 4. 3.(월) ∼ 2023. 10. 29.(일), 24기수

 * 집합 교육 사전신청은 3. 14.(화)부터 가능

 * 온라인 교육 사전신청은 기수별로 교육시작일 전주(前週) 목요일부터 신청 가능

    예시) 4.3.∼4.9. 1기 수강신청은 3.30(목)부터 농약안전정보시스템을 통해 신청 가능"
농약 판매관리인 자격 요건이 어떻게 되나요?,"□ 농약관리법 시행규칙 별표1

    ○ 판매관리인 자격 요건은 다음과 같습니다.

        1.  행정기관 또는 국?공립 시험?연구?지도?검사기관에서 농약등 또는 병해충 방제분야 업무에 3년 이상 종사한 경력이 있는 자 

        2. 「국가기술자격법 시행규칙」 에 따른 농화학기술사, 식물보호산업기사 이상(종전의 「국가기술자격법 시행규칙」 에 따른 농화학기능사, 농예화학기능사 또는 농약기능사 각 2급 이상과 농화학기사 이상, 식물보호기능사를 포함한다)의 자격을 소지한 자

        3.   제조업·원제업·수입업 또는 판매업에 3년 이상 종사한 자 또는 「농업협동조합」에 따른 농업협동조합중앙회 및 그 회원조합에서 농약등 관련 업무에 3년 이상 종사한 자로 다음 어느 하나에 해당하는 자

            * 매년 근로소득원천징수 영수증이 있는 자

            * 인사기록카드에 농약등 관련 업무 실적이 있는 자 (농업협동조합중앙회 및 그 회원조합만 해당한다)

            * 사업소득세 납부 증명이 있는 자 "
"대표자, 판매관리인이 개명하여 교육을 받았는데 이수처리는 어떻게 되나요?","○ 농약 판매업의 대표자 또는 판매관리인이 개명을 하면 변경사항에 따라 관할 시·군·구청 담당 부서 담당자에게 변경신청을 하여야 합니다.

   변경신청으로 변경이 완료되면 현재 개명된 이름으로 수료가 가능합니다."
교육수료증에 사업장주소 오류는 어떻게 변경해야 하나요?,"○ 수료증 상에 나타난 사업장주소 오류는 농약판매업 등록 시 시스템에 기재된 주소로, 변경을 원할 경우 그 소재지를 관할하는 시·군·구청 농약 담당자에게 사업장 주소지 변경 요청을 하여야 합니다."
부정불량 농약 신고는 어떻게 하면 되나요?,"□ 부정불량 농약 신고자 포상금 지급기준 제2조 및 제3조「국립농산물품질관리원 고시」

   ○ 국가법령정보센터 → 행정규칙 → 부정불량 농약 신고자 포상금 지급기준 → 별표/서식란에 [서식 1] 부정?불량 농약 신고서 양식에 사진?영수증 등 입증자료를 첨부하여 신고서에 나와있는 내용을 상세하게 작성하셔서 국립농산물품질관리원장 또는 시장?군수?구청장에게 제출하여야 합니다. 

        포상금의 지급 기준은 현지 확인을 실시하여 신고한 내용이 사실로 판명된 경우 [별표] 포상금 지급기준[제3조제1항 관련]에 따라 지급하게 됩니다."
소포장농약을 판매하고 싶은데 어떻게 하나요?,"□ 농약관리법 시행규칙 별표1에 따른 농약판매관리인 교육 실시요령 제2조(교육대상자) 「농촌진흥청 고시」

    ○ 농약안전정보시스템 홈페이지(http://psis.rda.go.kr) 공지사항(판매관리인 교육)나 교육안내에서 소포장농약 신규 판매관리인 교육신청서를 작성하시고 구비서류(화훼 도소매업에 종사한다는 사업자등록증)를 같이 첨부하시어 농촌진흥청 농자재산업과 농약담당자에게 제출하면 검토 후 교육 대상 여부를 확인 하고 안전사용기준과 취급제한기준 등에 관한 교육(6시간)을 이수한 다음 소포장농약 판매를 위한 교육 이수증을 발급해 드리면 해당 지자체 농약 담당자에게 교육 이수증을 제출 하신 후 판매업 등록증이 발급되고 나면 소포장농약(용기?포장의 크기가 50㎖(g) 이하이면서 저독성인 농약)을 취급하실 수 있습니다."
농약 판매관리인 교육 이수증은 어디서 발급 받나요?,○ 2020년 이후 농약 판매관리인 교육(농약의 안전사용등에 관한 교육) 이수증은 농약안전정보시스템(http://psis.rda.go.kr) 판매관리인 계정 마이페이지 → 교육수료증출력에서 발급받으실 수 있습니다.
농약안전사용 등에 관한 교육 이수증(2011년 이전) 재교부 신청은 어떻게 하나요?,"□ 농약관리법 시행규칙 부칙(농림수산식품부령 제258호, 2012.2.3.시행)제5조(판매관리인 지정에 관한 경과 조치)

   ○ 농약안전정보시스템 (http://psis.rda.go.kr) 알림마당 또는 교육안내 게시판에 들어가시면 공지사항에 재교부 신청서를 첨부해 두었습니다. 신청서를 작성하시어 농촌진흥청으로 보내주시면 내용을 검토한 후 재교부해 드립니다."
판매관리인 교육을 받으면 판매관리인이 될 수 있나요?,"□ 농약 판매관리인 교육 실시요령 제2조(교육대상자) 「농촌진흥청 고시」 

   ○ 농약 판매관리인 교육 대상자는 농약관리법 제3조에 따라 농약 제조업·수입업·판매업 등록증에 판매관리인으로 등재된 자 및 화훼 도소매업에 종사하는 자 중에서 소포장 농약 판매를 위한 판매관리인이 되고자 하는 자로 규정되어 있습니다. 

        따라서 판매관리인 교육을 받음으로써 판매관리인이 될 수 있는 것은 아닙니다."
농약을 판매하는 사업을 시작하려합니다. 어떻게 하면 되나요?,"□ 농약관리법 제3조(영업의 등록), 농약관리법 시행규칙 제4조(판매업의 등록신청 등) 및 시행규칙 별표1

   ○ 판매업의 등록을 하려는 자는 시행규칙 별지 제4호서식의 신청서에 대표자와 판매관리인의 성명·주소 및 등록기준지를 적은 서류, 시설의 명세서 등의 서류를 첨부하여 업소마다 판매관리인을 지정하여 그 소재지를 관할하는 특별자치도지사·시장·군수 또는 자치구의 구청장에게 제출하여야 합니다. 

        시·군·구청장은 별표1의 등록기준에 적합한지 검토한 후 적합할 경우 판매업 등록증을 발급합니다."
수입 농약 세관장 확인대상 요건 신청서 작성 요령,"□ 관세법 : 「관세법 제226조의 규정에 의한 세관장 확인 물품 및 확인 방법 지정 고시」

    ○ UNIPASS 신청서식의 품목사항 작성방법을 알려드리겠습니다.

        품목의 경우 ‘아바멕틴 유제’를 예로 들었을 때, 거래품명은 ‘아바멕틴 유제’가 되며, 성분명은 아바멕틴으로 기재하셔야 합니다. 

        품목등록증의 표기된 품목명이 거래품명이며 유효성분이 성분명입니다.

    ○ 원제의 경우 원제 등록증의 표기된 원제명을 거래품명에 작성하시고, 주성분을 성분명에 작성해주시면 됩니다."
"시대가 바뀌어 인터넷 구매가 활발해 짐에 따라 농약도
인터넷으로 구매할 수 있도록 제도를 개선해 주세요.","□ 농약을 인터넷으로 판매할 경우, 청소년 등 누구나 손쉽게 구입할 수 있어 농약의 오남용(자살 등) 우려에 따라 통신판매를 금지함으로써 농약을 안전하게 관리하고 있습니다.

   ○ 농약은「농약관리법」제21조 제3항에 따라 누구든지「전자상거래 등에서의 소비자보호에 관한 법률」제2조 제2호에 따른 통신판매가 금지되고 있습니다.

□ 천연식물보호제 등 인체에 위해성이 낮은 농약에 한하여 통신 또는 전화권유의 방법으로 판매할 수 있도록 농촌진흥청장이 별도 고시 하고 있습니다.

    (통신 또는 전화권유의 방법으로 판매할 수 있는 농약「농촌진흥청 고시」)"
농약을 일반 택배업체를 통해서 운송할 수 있나요?,"□ 농약은「농약관리법」시행령 제20조 제1항제1호에 따라 식료품, 사료, 의약품 또는 인화물질과 함께 수송하지 못하도록 규정되어 있습니다.

   이를 준수하지 않을 경우 농약 취급제한기준 위반으로 처벌받을 수 있습니다. "
농약의 오남용을 방지하기 위하여 농약에 색소를 첨가하여 농약을 사용했는지 여부를 쉼게 알 수 있도록 할 수 있나요?,"□ 농약의 오남용을 방지하기 위해 국내 모든 농약에 대하여 냄새 또는 색깔이 있는 부자재를 사용하도록 이미 의무화하고 있습니다.

        또한 농약의 올바른 사용과 안전한 농산물 생산을 위하여 농약허용물질강화제도(PLS)가 시행됨에 따라 농업인, 농약판매상 등에 대한 농약안전사용(농약이 등록된 작물, 사용방법, 사용량 등을 지켜 사용하도록 규정) 교육도 지속적으로 강화하고 있습니다.

        ○ 한편 농산물에 농약을 살포한 흔적이 남아있는 경우 등은 소비자의 인식과 건강 위해성에도 좋지 않은 영향을 끼칠 수 있으므로 주의가 필요합니다. "
"사람에게 피해를 주는 야생진드기 등을 퇴치할 수 있는
농약을 개발해 주세요.","□「농약관리법」제2조제1호에 따르면 “농약”이란 농작물을 해치는 균, 해충, 잡초를 방제하는데 사용하거나 농작물의 생리기능을 증진·억제시키는데 사용되는 물질로 정의하고 있으며, 농촌진흥청에서는 농작물에 피해를 주는 병, 해충, 잡초 등을 방제하는 농약을 등록하고 관리하고 있습니다.

      ○ 야생진드기는 농작물에 해를 주는 것이 아니라 사람에게 해를 주는 해충으로 사람에게 해를 끼치는 진드기, 파리, 모기를 구제하는 살충제 제품은「생활화학제품 및 살생물제의 안전관리에 관한 법률」(2019.1.1.시행)에 따라 환경부(국립환경과학원)에서 해당 제품을 승인, 관리하고 있음을 알려드립니다."
"콩 직파시 조류 피해가 발생되고 있어 농가 애로사항이
있습니다. 예전에 사용하던 지오릭스, 엔도설판 분제 등
을 계속 생산 공급해 주시면 좋겠습니다.","	□ 농약 ‘지오릭스’는 ‘엔도설판 분제’, ‘엔도설판 유제’의 상표명으로 판매되었으나, 고독성 농약에 해당되어 2011년 등록이 취소되었습니다.

    ○ 현재 콩 조류기피 효과로 ‘티람.메티오카브 종자처리액상수화제’가 등록되어 있으니, 등록된 제품을 사용하여 주시기 바랍니다."
"드론 등을 이용한 항공방제시 비의도적 오염 방지를 위한
대책으로는 어떤 것이 있나요?","□ 항공방제용 농약을 사용할 때에는 작업구간을 표시하여 가능한 해당 작물에만 농약이 살포되도록 해야하고, 사전에 주변 재배농가들에게 알려야 하며, 농약 사용기록을 남겨야 합니다.

    ○ 아울러, 우리 청에서는 농업용 무인항공 살포기의 농약비산 특성연구 조사결과(국립농업과학원, ’18), “작물 병해충 방제용 무인 항공살포기의 안전사용”을 제작하여 농업인, 도 농업기술원, 농업기술센터, 드론방제업체, 농약판매상 등에게 보급하였습니다.

        - 무인항공 살포기 안전사용 매뉴얼 주요내용

            ① 살포 전 이웃 농가 등에 안내하고, 주변상황·비산 우려지역 확인 후 방제작업 실시

            ② 무인항공기 방제시 풍속 3m이하, 비행고도 2∼3m, 비행속도 15km/h 준수"
"현재 재배하는 작물에 등록되지 않은 농약을 사용할 경우
어떠한 제제조치가 있나요?","□ 모든 농약은 「농약관리법」제23조1항 및 같은법 시행령 제19조에 따라 등록된 농작물 및 병해충에만 사용하도록 ‘농약안전사용기준(농진청 고시)’이 설정되어 있습니다.

       ○ 이러한 농약의 안전사용기준을 위반하였을 경우에는「농약관리법」제40조제1항제3호 및 제2항제4호에 따라 농약 판매자(500만원 이하) 및 사용자(100만원 이하)에게 과태료가 부과됩니다"
"현재 재배하는 작물에 등록되지 않은 농약이 PLS 제도가
운영되기 전에는 효과가 좋아 많이 쓰고 있었는데, 계속
해서 쓸 수 있게 해주세요.","□ 2019년 1월 1일부터 PLS 제도가 모든 작물에 대하여 시행되고 있기 때문에 현재 재배하고 있는 작물에 등록되지 않은 농약을 사용하면 안 됩니다. 그러한 농약들은 농촌진흥청에 직권시험으로 신청하신 후 효과를 평가하여, 해당 작물에 정식으로 등록된 후 사용할 수 있습니다.

    ○ 직권시험은 농약안전정보시스템(psis.rda.go.kr)에서 회원가입 후 마이페이지 → 농약직권등록수요조사를 통해 신청 가능합니다."
"멜론, 참외, 수박은 다 박과작물이기 때문에 그 중 한 작물
에 등록되어 있으면 다 같이 사용할 수 있을까요?","□ 농약은 「농약관리법」 제23조에 따라 적용작물 및 병해충에 등록된 농약을 사용하셔야 합니다. 

    이에 따라 우리 청은 농약회사가 제출한 작물별, 병해충별 약효약해, 잔류성, 독성 등 시험성적서를 안전성 평가 후 등록하고 있습니다.

   ○ 멜론과 참외, 수박은 같은 박과라도 서로 다른 작물이기 때문에 같은 농약성분이라도 잔류하는 양상이

       서로 다를 수 있기에 작물별로 등록하고 있습니다.

        따라서 해당 작물, 해당 병해충에 등록된 농약을 사용하셔야 합니다. "
농약을 살포해야 하는 적정한 시기는 언제인가요?,"□ 우리 청에서는「농약관리법」제8조에 따라 농약제조(수입)업체에서 제출한 약효약해, 잔류성, 독성 시험성적서 등을 바탕으로 농약의 효과, 피해뿐만 아니라 작물에 잔류하는 농약의 양을 감안하여 안전한 농산물을 생산하고 소비할 수 있도록 등록?관리하고 있습니다.

□ 농작물별로 발생하는 병이나 해충은 각각 발생시기가 다르며 적절한 방제시기를 놓쳤을 경우 이미 해당 농약에 대한 감수성이 떨어지거나 저항성 등이 발생하여 농약의 효과가 낮아질 수 있기 때문에 적절한 시기에 살포하는 것이 좋으며, 해당 병해충에 적용된 농약의 사용설명서를 자세히 읽으신 후 사용하는 것이 중요합니다.

   ○ 한가지 사례로 배추좀나방 유충의 경우 1?2령의 유충에는 방제효과가 좋지만, 3?4령이 되면 농약의 효과가 낮아지는데 이는 유충이 커가면서 자연스럽게 농약에 대한 감수성이 떨어지는데서 기인합니다.

   ○ 또한 딸기 점박이응애의 경우에도 발생초기 즉, 한잎당 2?3마리가 발생했을 경우에는 약충이 대부분이기 때문에 농약의 방제효과를 볼 수 있으나, 다발생되었을 경우에는 약충과 성충이 혼재되어 있고 성충에 대해서는 방제효과가 떨어질 수 있습니다.

□ 따라서 각각의 작물별, 병해충별로 농약의 안전사용기준을 준수하면서 작용기작이 다른 농약을 교호로 살포하고 해충의 방제상황에 따라 적절한 처리 간격으로 농약을 살포하시는 것이 바람직합니다."
"소독약과 관련하여 일반화학약품 살균살충제 및 농업용
농약 제조업을 등록하려면 어떻게 해야 하나요?","□ 같은 화학물질이라도「농약관리법」제2조제1호에 따라 병해충 방제를 위하여 작물에 사용하면 농약으로 분류하고 있습니다.

   그러므로 만약 생산하는 제품이 병해충 방제를 목적으로 작물에 사용된다면「농약관리법」제3조에 따라 ‘농약 제조업 등록’을 하셔야 합니다.

   ○ 제조업 등록은 농약 생산에 적절한 인력과 시설, 장비를 갖추고 시·도지사를 경유하여 농촌진흥청에 신청하시면 서류심사 및 현지조사를 거처 등록증을 발급하고 있습니다."
"농약 원제로 사용되는 물질을 이용하여 제품(품목)을 제
조하여 농작물 병충해 방제와는 무관하게 해충 방역 등을
목적으로 할 때에도 농약으로 등록해야 하나요?","□ 같은 화학물질이라도 「농약관리법」 제2조제1호에 따라 병해충 방제를 위하여 농작물, 수목 등에 사용하면 농약으로 분류하고 있습니다.

    ○ 농약 원제로 사용하는 물질이라도 제품의 최종 목적이 농작물의 병해충 방제를 목적으로 농작물 등에 사용한다면 「농약관리법」제17조에 따라 농약으로 등록을 하여야 합니다.

    ○ 만약 농작물의 병충해 방제 이외의 목적으로 사용한다면 환경부 등의 규정을 적용받게 됩니다. "
"농약 품목과 원제 등록을 위해서 준비해야 하는 서류는
무엇인가요?","□ 농약 품목 등록신청 시 제출해야 되는 서류는 ‘참고1’과 같으며, 농약 품목 등록신청서, 이화학시험성적서, 약효?약해시험성적서, 인축독성시험성적서, 환경생물독성시험성적서, 잔류성시험성적서, 원제등록증, 이화학분석법 및 시료, 시험 농약 출처에 대한 입증 자료 등을 제출해야 합니다.

    ○ 농약품목 등록신청을 위해서는 등록신청 회사에도 원제가 등록되어 있어야 합니다.

□ 농약 원제 등록은 ‘참고2’와 같이, 등록 신청 구비서류와 이화학분석성적서, 인축독성시험성적서, 환경생물독성시험성적서, 분석법, 표준품, 원제 공급 입증서류, 시험 및 학술용 원제 수입허가증, 원제 초록 등을 제출하여야 합니다.

□ 농약은 종류도 다양하고 여러 가지 경우의 수가 많기 때문에 농약관리법과 관련 고시를 충분히 숙지하고 등록을 진행하셔야,  농약 등록 과정에서 발생할 수 있는 손실을 미연에 방지할 수 있으니, 반드시 관련 규정을 충분히 이해하시는 것이 중요합니다."
농약의 신규등록절차는 어떻게 되나요?,"□ 농약 품목 등록신청 시 제출해야 되는 서류는 ‘참고1’과 같으며, 농약 품목 등록신청서, 이화학시험성적서, 약효?약해시험성적서, 인축독성시험성적서, 환경생물독성시험성적서, 잔류성시험성적서, 원제등록증, 이화학분석법 및 시료, 시험 농약 출처에 대한 입증 자료 등을 제출해야 합니다.

    ○ 농약품목 등록신청을 위해서는 등록신청 회사에도 원제가 등록되어 있어야 합니다.

□ 농약 원제 등록은 ‘참고2’와 같이, 등록 신청 구비서류와 이화학분석성적서, 인축독성시험성적서, 환경생물독성시험성적서, 분석법, 표준품, 원제 공급 입증서류, 시험 및 학술용 원제 수입허가증, 원제 초록 등을 제출하여야 합니다.

□ 농약은 종류도 다양하고 여러 가지 경우의 수가 많기 때문에 농약관리법과 관련 고시를 충분히 숙지하고 등록을 진행하셔야,  농약 등록 □ 모든 농약 품목과 원제는 「농약관리법」과 농촌진흥청 고시「농약 및 원제의 등록기준」등에 의해 등록을 한 후 판매가 가능합니다.

    ○ 농약관리법 검색 방법: 국가법령정보센터-법령-농약관리법 검색

    ○ 농약관련 고시 검색 방법: 국가법령정보센터-행정규칙-농약 검색

□ 농약등록 절차와 관련되어 「농약관리법」 제8조, 제16조, 제17조에 의해 농촌진흥청에 등록신청 하여야 하며, 농약 제조(수입)업에 등록된 회사에서 신청서가 제출된 후,  농촌진흥청에서는 접수, 평가, 농약전문위원회, 농약 안전성심의위원회를 거쳐 농약등록이 진행되고 있습니다.과정에서 발생할 수 있는 손실을 미연에 방지할 수 있으니, 반드시 관련 규정을 충분히 이해하시는 것이 중요합니다."
농약 판매관리인 교육 영상이 정상적으로 재생되지 않습니다.,"2022년 6월 15일부로 인터넷 익스플로러(Internet Explorer)의 서비스가 종료됨에 따라 인터넷 익스플로러로 판매관리인 교육 영상을 재생할 경우, 교육이 원활하게 진행되지 않을 수 있습니다. (영상 재생 불가, 멈춤현상, 교육을 이수하여도 미이수 상태로 표시 등)

원활한 교육 진행을 위해 판매관리인분들께서는 마이크로소프트 엣지나 크롬 등을 사용하시어 교육을 진행해주시기 바랍니다."
"(농업인 가입) 핸드폰 본인명의가 아닐 경우 가입을 어떻
게 해야하나요?","아래와 같이 신청서를 제출 하시면, 검토 후 계정을 직권으로 발급해드립니다. 

        * 농약안전정보시스템 알림마당 → 「계정 및 비밀번호 발급 신청서」 작성 → 구비서류 첨부 후 농촌진흥청 제출(우편) "
"(농업인 가입) 가입 후, 마이페이지에서 구매내역이 조회
가 되지 않습니다!","농약 구매 당시 제공한 전화번호와 안전정보시스템 본인인증 시 사용하신 번호가 일치하지 않을 경우,

        구매 기록이 조회되지 않습니다. 이 같은 경우 , 판매업체에 방문하여 전화번호를 현행화해 주시기 바랍니다."
"동일인이나, 개명으로 인해 판매관리인을 변경 등록하였
습니다. 시스템에는 어떻게 반영해야 하나요?","□ 동일인이므로, 개명 전 판매관리인을 삭제하거나 퇴사 처리 후 신규로 입력하시면 안됩니다.

   ○ 개명한 판매관리인의 주민등록 초본 등 관련 서류를 첨부하여 판매관리인 시스템 변경 등록 신청을 공문으로 하시면 됩니다.

   ○ 신청하신 공문을 근거로 하여 시스템상에서 정보를 반영하면, 개명 전 수료한 교육 및 이력이 개명 후 판매관리인의 이력으로 수정 됩니다."
"농약 판매기록을 등록하던 중, 해당 상표명으로 조회되지
않습니다. 어떻게 해야 하나요?","□ 상표명이 변경된 경우 기존의 상표명으로 검색되지 않을 수 있습니다.

   ○ 품목명과 제조회사명이 일치한 상표로 판매기록 하시면 됩니다."
"민간재고시스템을 사용하더라도, 판매기록을 위해서 농
약안전정보시스템의 회원가입을 해야 하나요?","□ 반드시 농약안전정보시스템에 회원가입 하셔야 합니다.

  ○ 회원가입 시 [판매정보등록방식]을 선택하게 되는데, [민간재고 SW] 사용으로 선택하시고 민간재고시스템에 판매기록 하시면 됩니다."
"판매업관리시스템에서 대표자, 판매관리인을 어떻게 변
경하나요?","□ 농약판매유통관리 ? 농약업 및 관리인관리 ? 농약업관리 ? 해당업체 검색 ? 농약업체 정보 우측 상단 [변경등록] - 기존 대표자명 클릭 ? 대표자 정보변경 ? 퇴사여부 ? 퇴사 - 

    [반영] - [대표자지정] - 신규일 경우 대표자 신규입력 후 저장, 기존 대표자일 경우 대표자명으로 검색 후 클릭

  ○ 판매관리인도 대표자 변경 방법과 동일합니다.

  ○ 대표자 및 판매관리인을 삭제하시면 해당 판매관리인이 기록했던 판매기록도 함께 삭제되므로 절대 삭제하시면 안됩니다."
"개인정보 제공 및 이용동의서는 기관, 법인도 받아야 하
나요?","□ 개인정보 제공 및 이용동의서는 구매자가 개인인 경우에만 해당됩니다.

   ○ 구매자가 개인이 아닌 법인, 단체, 기관은 개인정보 제공 및 이용동의서를 작성하지 않아도 됩니다.

     -  개인에게 개인정보 제공 및 이용동의서를 받지 않고 개인정보를 기록하고 제공하는 것은 개인정보보호법에 위반됩니다. "
"판매관리인 교육 이수 후 판매업관리시스템에 반영되려
면 얼마나 소요되나요?",□ 판매관리인 교육 이수 후 판매업관리시스템에 반영되는 시간은 대략 1~2주정도 소요됩니다.
농약을 판매한 후 정보기록 및 제공은 며칠 이내 해야하나요?,□ 농약관리법 제23조의2 및 농촌진흥청 고시 「농약 판매기록 등의 방법 및 농약안전정보시스템 운영 요령」에 따라 농약 제조업자·수입업자·판매업자는 판매 정보가 발생한 날로부터 10일 이내에 해당 정보를 농촌진흥청에 기록·제공하여야 합니다.
"사업장을 이전하여 폐업 후 다시 판매업을 등록하였는데,
안전정보시스템에서 폐업 전 사용하던 기존 아이디를 사
용하여 판매기록을 해도 되나요?","□ 폐업을 하시면, 안전정보시스템에서 본인이 직접 정보를 수정하시더라도 기존의 아이디로는 판매기록을 하실 수 없습니다.

   ○ 폐업 후 판매업을 다시 등록하셨다면, 안전정보시스템에서 새로이 회원가입 하시어 판매기록을 하셔야 됩니다."
농약 도매업체는 판매기록을 하지 않아도 되나요?,"□ 판매정보는 반드시 기록하시되, 도소매업체간의 거래는 제공하지 않을 수 있습니다.

   ○ 도매업체 일지라도 기관이나 법인, 농업인에게 직접 농약을 판매한 경우에는 판매기록을 제공하셔야 합니다."
"농약 판매담당자가 변경되었습니다, 안전정보시스템에
서 어떻게 반영해야 하나요?","□ 농약안전정보시스템에서 직접 변경 가능합니다.

   ○ 농약안전정보시스템 ? 로그인 - 마이페이지 ? 회원정보변경 ? 회원정보 ? 이름 옆 [담당자변경]울 누르시고 본인인증을 거치면 담당자가 변경됩니다.

   ○ 판매관리인 변경은 판매업의 변경등록 사항이므로, 사업장소재지 관할 지자체로 판매업 변경등록을 신청하셔야 합니다."
농약 판매기록을 어떻게 해야하나요?,"□ 농촌진흥청 농약안전정보시스템 또는 연계 민간시스템(농협,아산,우성 등)에 기록하시면 됩니다.

   ○ 농약안전정보시스템에서는 거래 유형별로 구분하여 판매기록을 등록 및 일괄등록 하시면 됩니다.

   ○ 농협의 경우 농협중앙회에서 정보를 일괄 제공하고 있습니다.

     - 문의사항은 농협경제지주 자재부(02-2080-6425)로 연락하십시오.

   ○ 아산소프트, 우성컴퓨터를 사용하시면, [농진청전송] 버튼을 눌러주셔야 기록 전송이 완료됩니다.

    - 문의사항은 아산소프트( 051-804-1398 ), 우성컴퓨터( 053-526-5278)로 연락하십시오."
농약은 어떻게 분류하고 관리되나요?,"□ 농약은 용도에 따라 살균제, 살충제, 제초제, 생장조정제 및 기타 농약으로 분류되며, 인축(人畜)에 대한 독성정도로는 저독성, 보통독성, 고독성으로 구분하며 현재 등록된 농약 중 85%가 저독성에 해당됩니다.

    ○ 농약의 등록 및 관리는「농약관리법」에 의하여 엄격히 관리되고 있으며, “국가법령정보센터(www.law.go.kr)”에서 검색이 가능합니다.

        - 검색방법: 국가법령정보센터 → 법령 → 농약관리법 검색"
"농약 시험연구기관 지정 신청시 제출 서류는 어떻게 되는
지?","□ 지정 신청서와 첨부서류로 운영현황 내역서 1부, 시설현황 내역서 1부, 시험수행 능력을 입증할 수 있는 자료 1부입니다.

  ○ 첨부서류 작성 시 유의사항은 지정 신청서 하단을 참고하시기 바랍니다."
농약 시험연구기관 신규 지정 절차는 어떻게 되는지?,□ 지정 신청서 접수(처리기한 60일) → 신청서류 검토 및 현지평가 실시 → 현지평가 지적사항 보완 요청 → 보완사항 이행 완료시 지정서 발급
"작용기작을 달리하여 사용해야 농약 저항성을 감소시킬
수 있다고 하는데 살균제의 경우 다1과 다2도 작용기작
이 다른 것인가요?","□ ‘다1’과 ‘다2’처럼 같은 ‘다’군의 그룹으로 하위 세부그룹이 다르면 세부 작용기작이 다름을 의미합니다.


   문자가 다른 그룹을 가급적 사용하시되, 사용할 수 있는 다른 그룹이 없다면 세부그룹이 다른 약제를 사용하는 것이 바람직합니다."
"PLS 시행 후 작물을 심기 전 토양 잔류농약검사를 필수
적으로 해야 하는지 궁금합니다. 토양검사를 했을 때 검
출 농약이 작물에 피해를 줄까 걱정됩니다.","□ 농약안전사용기준을 준수한 경우 잔류농약검사를 의무적으로 시행 할 필요는 없습니다.

□ 비의도적인 농약 잔류문제를 해결하기 위해 토양잔류기간이 긴 농약성분은 별도의 잔류허용기준을 정하여 적용하고 있습니다."
"전착제, 생장조절제도 PLS에 적용을 받나요?","□ 농약관리법에 따라 등록된 농약이라 하더라도 사람에게 해를 줄 우려가 없거나 식품에 전혀 잔류되지 않는 농약은 잔류허용기준 설정 면제 대상입니다.

   ○ 잔류허용기준 면제대상 성분은 「식품의 기준 및 규격」(식품의약품안전처 고시)을 참고하시기 바랍니다."
"잔류허용기준(그룹기준 포함)이 설정되어 있는 농약은
농약관리법 저촉없이 사용가능하나요?","□ 잔류허용기준이 설정되어 있어도 작물에 등록된 농약이 있는지 확인 후 사용하시기 바랍니다.

  등록된 농약이 없는데 사용한 경우 농약관리법 위반으로 100만원 이하의 과태료 처분을 받을 수 있습니다."
"비산되어 온 농약성분(제초제 등)으로 인한 분쟁상황에
서의 대응 매뉴얼이 궁금합니다.","□ 친환경에서는 비의도적인 오염이 예상 될 때에는 구분생산계획에 따라 완충지대(3~5m)를 설치하도록 하고 있으며 완충지대내의 농산물을 친환경으로 출하하지 못하도록 하고 있습니다.

□ 농업인은 바람이 부는 날 살포기로 농약을 살포하여 이웃 농지에 비산하는 등 피해를 주지 않도록 노력해야 하며, 농약을 살포할 날짜를 이웃 농지 농업인에게 미리 알려주고, 바람이 부는 날을 피해 살포하고, 필요시 가림막 등의 조치를 해야 합니다.

□ 현장에서 비산 등 분쟁이 발생할 경우 농림축산식품부 농약피해분쟁조정위원회 또는 한국소비자원 분쟁조정위원회 (043-880-5500)에 문의하시기 바랍니다."
"배추와 엇갈이배추는 둘 다 무름병이 있는데, 둘 다 같은
약제를 써도 되나요?","□ 배추와 엇갈이배추의 잔류허용기준은 구분 설정되어 있지만, 농약 등록 시에는 배추와 엇갈이배추에 함께 사용할 수 있도록 하고 있습니다.

   배추에 등록된 약제를 안전사용기준을 준수하여 사용할 수 있습니다."
"팥 재배 시 콩에 등록된 제초제를 콩 기준에 준해서 사용
해도 되나요?","□ 팥과 콩은 농약 등록이 구분되어 있습니다. 팥 재배 시 팥에 등록된 제초제를 사용하셔야 합니다.

  ○ 현재 사용 가능한 농약정보는 농약안전정보시스템(http://psis.rda.go.kr) - 농약정보 - 농약등록현황에서 확인하실 수 있습니다."
"작물별로 등록된 농약이 없을 경우에는 어떻게 해야 하나
요?","□ 등록농약이 없을 경우, 농약안전정보시스템(psis.rda.go.kr)에서 회원가입 후 마이페이지 - 농약직권등록수요조사를 통해 온라인으로 수요를 제출해주시기 바랍니다"
작물별로 등록된 농약은 어떻게 확인할 수 있나요?,"	
□ 현재 사용 가능한 농약정보는 농약안전정보시스템(http://psis.rda.go.kr) - 농약정보 - 농약등록현황에서 확인하실 수 있습니다."
